start_time,end_time
1699977677.0862775,1699977681.8879147
